モーションシネマ溜池山王,モーションシネマタメイケサンノウ,001,スクリーン1,,スクリーンイチ,001001,500,2,IMAX3D,
おやつタウン,オヤツタウン,,入場チケット,,ニュウジョウチケット,,500,0,-,
おやつタウン,オヤツタウン,,ホシオ君キッチンA-1,,ホシオクンチケットエーイチ,,20,0,-,
おやつタウン,オヤツタウン,,ホシオ君キッチンA-２,,ホシオクンチケットエーニ,,20,0,-,
おやつタウン,オヤツタウン,,ホシオ君キッチンB,,ホシオクンキッチンB,,88,0,-,
おやつタウン,オヤツタウン,,久居工場,,ヒサイコウジョウ団体,,200,0,-,本当は７０だがバッファを持たすとのこと
おやつタウン,オヤツタウン,,久居工場,,ヒサイコウジョウ一般,,20,0,-,
おやつタウン,オヤツタウン,,青空パーク,,アオゾラパーク,,200,0,-,オープン時使用予定なし
おやつタウン,オヤツタウン,,第一駐車場,,ダイイチチュウシャジョウ,,500,0,-,オープン時使用予定なし
おやつタウン,オヤツタウン,,第二駐車場,,ダイニチュウシャジョウ,,500,0,-,オープン時使用予定なし
おやつタウン,オヤツタウン,,第三駐車場,,ダイサンチュウシャジョウ,,500,0,-,オープン時使用予定なし
おやつタウン,オヤツタウン,,おやつ広場,,オヤツヒロバ,,500,0,-,オープン時使用予定なし
おやつタウン,オヤツタウン,,えんがわルーム,,エンガワルーム,,500,0,-,オープン時使用予定なし
おやつタウン,オヤツタウン,,タウンスクエア,,タウンスエア,,500,0,-,オープン時使用予定なし
おやつタウン,オヤツタウン,,ファクトリーツアー,,ファクトリーツアー,,500,0,-,オープン時使用予定なし
おやつタウン,オヤツタウン,,タウン☆ガーデン,,タウン☆ガーデン,,500,0,-,オープン時使用予定なし
おやつタウン,オヤツタウン,,おやつマルシェ,,オヤツマルシェ,,500,0,-,オープン時使用予定なし
おやつタウン,オヤツタウン,,スイーツBar,,スイーツバー,,500,0,-,オープン時使用予定なし
おやつタウン,オヤツタウン,,期間限定,,キカンゲンテイ,,500,0,-,オープン時使用予定なし
おやつタウン,オヤツタウン,,期間限定,,キカンゲンテイ,,500,0,-,オープン時使用予定なし
おやつタウン,オヤツタウン,,期間限定,,キカンゲンテイ,,300,0,-,オープン時使用予定なし
おやつタウン,オヤツタウン,,期間限定,,キカンゲンテイ,,100,0,-,オープン時使用予定なし
おやつタウン,オヤツタウン,,期間限定,,キカンゲンテイ,,50,0,-,オープン時使用予定なし
おやつタウン,オヤツタウン,,期間限定,,キカンゲンテイ,,20,0,-,オープン時使用予定なし
おやつタウン,オヤツタウン,,期間限定,,キカンゲンテイ,,500,0,-,オープン時使用予定なし
おやつタウン,オヤツタウン,,イベント,,イベント,,500,0,-,オープン時使用予定なし
おやつタウン,オヤツタウン,,イベント,,イベント,,300,0,-,オープン時使用予定なし
おやつタウン,オヤツタウン,,イベント,,イベント,,100,0,-,オープン時使用予定なし
おやつタウン,オヤツタウン,,イベント,,イベント,,50,0,-,オープン時使用予定なし
おやつタウン,オヤツタウン,,イベント,,イベント,,20,0,-,オープン時使用予定なし